1,New York[d],New York,8804190,8175133,+7.69%,300.5 sq mi,778.3 km2,"29,298/sq mi","11,312/km2",".mw-parser-output .geo-default,.mw-parser-output .geo-dms,.mw-parser-output .geo-dec{display:inline}.mw-parser-output .geo-nondefault,.mw-parser-output .geo-multi-punct{display:none}.mw-parser-output .longitude,.mw-parser-output .latitude{white-space:nowrap}40°40′N 73°56′W﻿ / ﻿40.66°N 73.93°W"
2,Los Angeles,California,3898747,3792621,+2.80%,469.5 sq mi,"1,216.0 km2","8,304/sq mi","3,206/km2",34°01′N 118°25′W﻿ / ﻿34.01°N 118.41°W
3,Chicago,Illinois,2746388,2695598,+1.88%,227.7 sq mi,589.7 km2,"12,061/sq mi","4,657/km2",41°50′N 87°41′W﻿ / ﻿41.83°N 87.68°W
4,Houston,Texas,2304580,2099451,+9.77%,640.4 sq mi,"1,658.6 km2","3,599/sq mi","1,390/km2",29°47′N 95°23′W﻿ / ﻿29.78°N 95.39°W
5,Phoenix,Arizona,1608139,1445632,+11.24%,518.0 sq mi,"1,341.6 km2","3,105/sq mi","1,199/km2",33°34′N 112°05′W﻿ / ﻿33.57°N 112.09°W
6,Philadelphia[e],Pennsylvania,1603797,1526006,+5.10%,134.4 sq mi,348.1 km2,"11,933/sq mi","4,607/km2",40°00′N 75°08′W﻿ / ﻿40.00°N 75.13°W
7,San Antonio,Texas,1434625,1327407,+8.08%,498.8 sq mi,"1,291.9 km2","2,876/sq mi","1,110/km2",29°28′N 98°31′W﻿ / ﻿29.47°N 98.52°W
8,San Diego,California,1386932,1307402,+6.08%,325.9 sq mi,844.1 km2,"4,256/sq mi","1,643/km2",32°49′N 117°08′W﻿ / ﻿32.81°N 117.13°W
9,Dallas,Texas,1304379,1197816,+8.90%,339.6 sq mi,879.6 km2,"3,841/sq mi","1,483/km2",32°47′N 96°46′W﻿ / ﻿32.79°N 96.76°W
10,San Jose,California,1013240,945942,+7.11%,178.3 sq mi,461.8 km2,"5,683/sq mi","2,194/km2",37°17′N 121°49′W﻿ / ﻿37.29°N 121.81°W
11,Austin,Texas,961855,790390,+21.69%,319.9 sq mi,828.5 km2,"3,007/sq mi","1,161/km2",30°18′N 97°45′W﻿ / ﻿30.30°N 97.75°W
12,Jacksonville[f],Florida,949611,821784,+15.55%,747.3 sq mi,"1,935.5 km2","1,271/sq mi",491/km2,30°20′N 81°40′W﻿ / ﻿30.33°N 81.66°W
13,Fort Worth,Texas,918915,741206,+23.98%,342.9 sq mi,888.1 km2,"2,646/sq mi","1,022/km2",32°47′N 97°20′W﻿ / ﻿32.78°N 97.34°W
14,Columbus,Ohio,905748,787033,+15.08%,220.0 sq mi,569.8 km2,"4,117/sq mi","1,590/km2",39°59′N 82°59′W﻿ / ﻿39.98°N 82.98°W
15,Indianapolis[g],Indiana,887642,820445,+8.19%,361.6 sq mi,936.5 km2,"2,455/sq mi",948/km2,39°46′N 86°08′W﻿ / ﻿39.77°N 86.14°W
16,Charlotte,North Carolina,874579,731424,+19.57%,308.3 sq mi,798.5 km2,"2,837/sq mi","1,095/km2",35°12′N 80°50′W﻿ / ﻿35.20°N 80.83°W
17,San Francisco[h],California,873965,805235,+8.54%,46.9 sq mi,121.5 km2,"18,635/sq mi","7,195/km2",37°43′N 123°02′W﻿ / ﻿37.72°N 123.03°W
18,Seattle,Washington,737015,608660,+21.09%,83.8 sq mi,217.0 km2,"8,795/sq mi","3,396/km2",47°37′N 122°21′W﻿ / ﻿47.62°N 122.35°W
19,Denver[i],Colorado,715522,600158,+19.22%,153.1 sq mi,396.5 km2,"4,674/sq mi","1,805/km2",39°46′N 104°53′W﻿ / ﻿39.76°N 104.88°W
20,Washington[j],District of Columbia,689545,601723,+14.60%,61.1 sq mi,158.2 km2,"11,286/sq mi","4,358/km2",38°54′N 77°01′W﻿ / ﻿38.90°N 77.01°W
21,Nashville[k],Tennessee,689447,601222,+14.67%,475.8 sq mi,"1,232.3 km2","1,449/sq mi",559/km2,36°10′N 86°47′W﻿ / ﻿36.17°N 86.78°W
22,Oklahoma City,Oklahoma,681054,579999,+17.42%,606.2 sq mi,"1,570.1 km2","1,123/sq mi",434/km2,35°28′N 97°31′W﻿ / ﻿35.46°N 97.51°W
23,El Paso,Texas,678815,649121,+4.57%,258.4 sq mi,669.3 km2,"2,627/sq mi","1,014/km2",31°50′N 106°25′W﻿ / ﻿31.84°N 106.42°W
24,Boston,Massachusetts,675647,617594,+9.40%,48.3 sq mi,125.1 km2,"13,989/sq mi","5,401/km2",42°20′N 71°01′W﻿ / ﻿42.33°N 71.02°W
25,Portland,Oregon,652503,583776,+11.77%,133.5 sq mi,345.8 km2,"4,888/sq mi","1,887/km2",45°32′N 122°39′W﻿ / ﻿45.53°N 122.65°W
26,Las Vegas,Nevada,641903,583756,+9.96%,141.8 sq mi,367.3 km2,"4,527/sq mi","1,748/km2",36°13′N 115°16′W﻿ / ﻿36.22°N 115.26°W
27,Detroit,Michigan,639111,713777,−10.46%,138.7 sq mi,359.2 km2,"4,608/sq mi","1,779/km2",42°23′N 83°06′W﻿ / ﻿42.38°N 83.10°W
28,Memphis,Tennessee,633104,646889,−2.13%,297.0 sq mi,769.2 km2,"2,132/sq mi",823/km2,35°06′N 89°58′W﻿ / ﻿35.10°N 89.97°W
29,Louisville[l],Kentucky,633045,597337,+5.98%,263.5 sq mi,682.5 km2,"2,402/sq mi",927/km2,38°10′N 85°38′W﻿ / ﻿38.16°N 85.64°W
30,Baltimore[m],Maryland,585708,620961,−5.68%,80.9 sq mi,209.5 km2,"7,240/sq mi","2,800/km2",39°18′N 76°37′W﻿ / ﻿39.30°N 76.61°W
31,Milwaukee,Wisconsin,577222,594833,−2.96%,96.2 sq mi,249.2 km2,"6,000/sq mi","2,300/km2",43°04′N 87°58′W﻿ / ﻿43.06°N 87.96°W
32,Albuquerque,New Mexico,564559,545852,+3.43%,187.3 sq mi,485.1 km2,"3,014/sq mi","1,164/km2",35°06′N 106°38′W﻿ / ﻿35.10°N 106.64°W
33,Tucson,Arizona,542629,520116,+4.33%,241.0 sq mi,624.2 km2,"2,252/sq mi",870/km2,32°09′N 110°52′W﻿ / ﻿32.15°N 110.87°W
34,Fresno,California,542107,494665,+9.59%,115.2 sq mi,298.4 km2,"4,706/sq mi","1,817/km2",36°47′N 119°47′W﻿ / ﻿36.78°N 119.79°W
35,Sacramento,California,524943,466488,+12.53%,98.6 sq mi,255.4 km2,"5,324/sq mi","2,056/km2",38°34′N 121°28′W﻿ / ﻿38.56°N 121.46°W
36,Kansas City,Missouri,508090,459787,+10.51%,314.7 sq mi,815.1 km2,"1,615/sq mi",624/km2,39°07′N 94°33′W﻿ / ﻿39.12°N 94.55°W
37,Mesa,Arizona,504258,439041,+14.85%,138.7 sq mi,359.2 km2,"3,636/sq mi","1,404/km2",33°24′N 111°43′W﻿ / ﻿33.40°N 111.71°W
38,Atlanta,Georgia,498715,420003,+18.74%,135.3 sq mi,350.4 km2,"3,686/sq mi","1,423/km2",33°46′N 84°25′W﻿ / ﻿33.76°N 84.42°W
39,Omaha,Nebraska,486051,408958,+18.85%,133.2 sq mi,345.0 km2,"3,433/sq mi","1,325/km2",41°16′N 96°02′W﻿ / ﻿41.26°N 96.04°W
40,Colorado Springs,Colorado,478961,416427,+15.02%,195.4 sq mi,506.1 km2,"2,451/sq mi",946/km2,38°52′N 104°46′W﻿ / ﻿38.86°N 104.76°W
41,Raleigh,North Carolina,467665,403892,+15.79%,145.1 sq mi,375.8 km2,"3,179/sq mi","1,227/km2",35°50′N 78°38′W﻿ / ﻿35.83°N 78.64°W
42,Long Beach,California,466742,462257,+0.97%,50.7 sq mi,131.3 km2,"9,206/sq mi","3,554/km2",33°48′N 118°09′W﻿ / ﻿33.80°N 118.15°W
43,Virginia Beach[m],Virginia,459470,437994,+4.90%,244.7 sq mi,633.8 km2,"1,878/sq mi",725/km2,36°47′N 76°01′W﻿ / ﻿36.78°N 76.02°W
44,Miami,Florida,442241,399457,+10.71%,36.0 sq mi,93.2 km2,"12,284/sq mi","4,743/km2",25°46′N 80°12′W﻿ / ﻿25.77°N 80.20°W
45,Oakland,California,440646,390724,+12.78%,55.9 sq mi,144.8 km2,"7,883/sq mi","3,044/km2",37°46′N 122°13′W﻿ / ﻿37.76°N 122.22°W
46,Minneapolis,Minnesota,429954,382578,+12.38%,54.0 sq mi,139.9 km2,"7,962/sq mi","3,074/km2",44°58′N 93°16′W﻿ / ﻿44.96°N 93.26°W
47,Tulsa,Oklahoma,413066,391906,+5.40%,197.5 sq mi,511.5 km2,"2,091/sq mi",807/km2,36°07′N 95°54′W﻿ / ﻿36.12°N 95.90°W
48,Bakersfield,California,403455,347483,+16.11%,149.8 sq mi,388.0 km2,"2,693/sq mi","1,040/km2",35°19′N 119°01′W﻿ / ﻿35.32°N 119.01°W
49,Wichita,Kansas,397532,382368,+3.97%,162.0 sq mi,419.6 km2,"2,454/sq mi",947/km2,37°41′N 97°20′W﻿ / ﻿37.69°N 97.34°W
50,Arlington,Texas,394266,365438,+7.89%,95.9 sq mi,248.4 km2,"4,111/sq mi","1,587/km2",32°42′N 97°07′W﻿ / ﻿32.70°N 97.12°W
51,Aurora,Colorado,386261,325078,+18.82%,160.1 sq mi,414.7 km2,"2,413/sq mi",932/km2,39°41′N 104°41′W﻿ / ﻿39.68°N 104.68°W
52,Tampa,Florida,384959,335709,+14.67%,114.0 sq mi,295.3 km2,"3,377/sq mi","1,304/km2",27°58′N 82°28′W﻿ / ﻿27.97°N 82.47°W
53,New Orleans[n],Louisiana,383997,343829,+11.68%,169.5 sq mi,439.0 km2,"2,265/sq mi",875/km2,30°03′N 89°56′W﻿ / ﻿30.05°N 89.93°W
54,Cleveland,Ohio,372624,396815,−6.10%,77.7 sq mi,201.2 km2,"4,796/sq mi","1,852/km2",41°28′N 81°40′W﻿ / ﻿41.47°N 81.67°W
55,Honolulu[b],Hawaii,350964,337256,+4.06%,60.5 sq mi,156.7 km2,"5,801/sq mi","2,240/km2",21°19′N 157°50′W﻿ / ﻿21.32°N 157.84°W
56,Anaheim,California,346824,336265,+3.14%,50.3 sq mi,130.3 km2,"6,895/sq mi","2,662/km2",33°51′N 117°46′W﻿ / ﻿33.85°N 117.76°W
57,Lexington[o],Kentucky,322570,295803,+9.05%,283.6 sq mi,734.5 km2,"1,137/sq mi",439/km2,38°02′N 84°27′W﻿ / ﻿38.04°N 84.45°W
58,Stockton,California,320804,291707,+9.97%,62.2 sq mi,161.1 km2,"5,158/sq mi","1,992/km2",37°58′N 121°19′W﻿ / ﻿37.97°N 121.31°W
59,Corpus Christi,Texas,317863,305215,+4.14%,162.2 sq mi,420.1 km2,"1,960/sq mi",760/km2,27°45′N 97°10′W﻿ / ﻿27.75°N 97.17°W
60,Henderson,Nevada,317610,257729,+23.23%,106.2 sq mi,275.1 km2,"2,991/sq mi","1,155/km2",36°00′N 115°02′W﻿ / ﻿36.00°N 115.03°W
61,Riverside,California,314998,303871,+3.66%,81.2 sq mi,210.3 km2,"3,879/sq mi","1,498/km2",33°56′N 117°23′W﻿ / ﻿33.93°N 117.39°W
62,Newark,New Jersey,311549,277140,+12.42%,24.1 sq mi,62.4 km2,"12,927/sq mi","4,991/km2",40°43′N 74°10′W﻿ / ﻿40.72°N 74.17°W
63,Saint Paul,Minnesota,311527,285068,+9.28%,52.0 sq mi,134.7 km2,"5,991/sq mi","2,313/km2",44°56′N 93°06′W﻿ / ﻿44.94°N 93.10°W
64,Santa Ana,California,310227,324528,−4.41%,27.3 sq mi,70.7 km2,"11,364/sq mi","4,388/km2",33°44′N 117°53′W﻿ / ﻿33.73°N 117.88°W
65,Cincinnati,Ohio,309317,296943,+4.17%,77.8 sq mi,201.5 km2,"3,976/sq mi","1,535/km2",39°08′N 84°30′W﻿ / ﻿39.14°N 84.50°W
66,Irvine,California,307670,212375,+44.87%,65.6 sq mi,169.9 km2,"4,690/sq mi","1,810/km2",33°40′N 117°46′W﻿ / ﻿33.67°N 117.77°W
67,Orlando,Florida,307573,238300,+29.07%,110.6 sq mi,286.5 km2,"2,781/sq mi","1,074/km2",28°25′N 81°16′W﻿ / ﻿28.41°N 81.27°W
68,Pittsburgh,Pennsylvania,302971,305704,−0.89%,55.4 sq mi,143.5 km2,"5,469/sq mi","2,112/km2",40°26′N 79°58′W﻿ / ﻿40.43°N 79.97°W
69,St. Louis[m],Missouri,301578,319294,−5.55%,61.7 sq mi,159.8 km2,"4,888/sq mi","1,887/km2",38°38′N 90°14′W﻿ / ﻿38.63°N 90.24°W
70,Greensboro,North Carolina,299035,269666,+10.89%,129.6 sq mi,335.7 km2,"2,307/sq mi",891/km2,36°05′N 79°49′W﻿ / ﻿36.09°N 79.82°W
71,Jersey City,New Jersey,292449,247597,+18.11%,14.7 sq mi,38.1 km2,"19,894/sq mi","7,681/km2",40°43′N 74°04′W﻿ / ﻿40.71°N 74.06°W
72,Anchorage[p],Alaska,291247,291826,−0.20%,"1,706.8 sq mi","4,420.6 km2",171/sq mi,66/km2,61°10′N 149°17′W﻿ / ﻿61.17°N 149.28°W
73,Lincoln,Nebraska,291082,258379,+12.66%,97.7 sq mi,253.0 km2,"2,979/sq mi","1,150/km2",40°49′N 96°41′W﻿ / ﻿40.81°N 96.68°W
74,Plano,Texas,285494,259841,+9.87%,71.7 sq mi,185.7 km2,"3,982/sq mi","1,537/km2",33°03′N 96°44′W﻿ / ﻿33.05°N 96.74°W
75,Durham,North Carolina,283506,228330,+24.17%,112.8 sq mi,292.2 km2,"2,513/sq mi",970/km2,35°59′N 78°54′W﻿ / ﻿35.98°N 78.90°W
76,Buffalo,New York,278349,261310,+6.52%,40.4 sq mi,104.6 km2,"6,890/sq mi","2,660/km2",42°53′N 78°51′W﻿ / ﻿42.89°N 78.85°W
77,Chandler,Arizona,275987,236123,+16.88%,65.3 sq mi,169.1 km2,"4,226/sq mi","1,632/km2",33°17′N 111°51′W﻿ / ﻿33.28°N 111.85°W
78,Chula Vista,California,275487,243916,+12.94%,49.6 sq mi,128.5 km2,"5,554/sq mi","2,144/km2",32°37′N 117°01′W﻿ / ﻿32.62°N 117.01°W
79,Toledo,Ohio,270871,287208,−5.69%,80.5 sq mi,208.5 km2,"3,365/sq mi","1,299/km2",41°40′N 83°35′W﻿ / ﻿41.66°N 83.58°W
80,Madison,Wisconsin,269840,233209,+15.71%,79.6 sq mi,206.2 km2,"3,390/sq mi","1,310/km2",43°05′N 89°25′W﻿ / ﻿43.08°N 89.42°W
81,Gilbert[q],Arizona,267918,208453,+28.53%,68.6 sq mi,177.7 km2,"3,906/sq mi","1,508/km2",33°19′N 111°44′W﻿ / ﻿33.31°N 111.74°W
82,Reno,Nevada,264165,225221,+17.29%,108.8 sq mi,281.8 km2,"2,428/sq mi",937/km2,39°32′N 119°50′W﻿ / ﻿39.54°N 119.84°W
83,Fort Wayne,Indiana,263886,253691,+4.02%,110.7 sq mi,286.7 km2,"2,384/sq mi",920/km2,41°05′N 85°08′W﻿ / ﻿41.08°N 85.14°W
84,North Las Vegas,Nevada,262527,216961,+21.00%,101.3 sq mi,262.4 km2,"2,592/sq mi","1,001/km2",36°17′N 115°05′W﻿ / ﻿36.28°N 115.09°W
85,St. Petersburg,Florida,258308,244769,+5.53%,61.8 sq mi,160.1 km2,"4,180/sq mi","1,610/km2",27°46′N 82°38′W﻿ / ﻿27.76°N 82.64°W
86,Lubbock,Texas,257141,229573,+12.01%,134.6 sq mi,348.6 km2,"1,910/sq mi",740/km2,33°34′N 101°53′W﻿ / ﻿33.56°N 101.88°W
87,Irving,Texas,256684,216290,+18.68%,67.0 sq mi,173.5 km2,"3,831/sq mi","1,479/km2",32°51′N 96°58′W﻿ / ﻿32.85°N 96.97°W
88,Laredo,Texas,255205,236091,+8.10%,106.5 sq mi,275.8 km2,"2,396/sq mi",925/km2,27°34′N 99°29′W﻿ / ﻿27.56°N 99.48°W
89,Winston–Salem,North Carolina,249545,229617,+8.68%,132.7 sq mi,343.7 km2,"1,881/sq mi",726/km2,36°06′N 80°16′W﻿ / ﻿36.10°N 80.26°W
90,Chesapeake[m],Virginia,249422,222209,+12.25%,338.5 sq mi,876.7 km2,737/sq mi,285/km2,36°40′N 76°18′W﻿ / ﻿36.67°N 76.30°W
91,Glendale,Arizona,248325,226721,+9.53%,61.6 sq mi,159.5 km2,"4,031/sq mi","1,556/km2",33°32′N 112°11′W﻿ / ﻿33.53°N 112.18°W
92,Garland,Texas,246018,226876,+8.44%,57.1 sq mi,147.9 km2,"4,309/sq mi","1,664/km2",32°54′N 96°38′W﻿ / ﻿32.90°N 96.63°W
93,Scottsdale,Arizona,241361,217385,+11.03%,184.0 sq mi,476.6 km2,"1,312/sq mi",507/km2,33°41′N 111°52′W﻿ / ﻿33.68°N 111.86°W
94,Norfolk[m],Virginia,238005,242803,−1.98%,53.3 sq mi,138.0 km2,"4,465/sq mi","1,724/km2",36°55′N 76°14′W﻿ / ﻿36.92°N 76.24°W
95,Boise[r],Idaho,235684,205671,+14.59%,84.0 sq mi,217.6 km2,"2,806/sq mi","1,083/km2",43°36′N 116°14′W﻿ / ﻿43.60°N 116.23°W
96,Fremont,California,230504,214089,+7.67%,78.3 sq mi,202.8 km2,"2,944/sq mi","1,137/km2",37°29′N 121°56′W﻿ / ﻿37.49°N 121.94°W
97,Spokane,Washington,228989,208916,+9.61%,68.8 sq mi,178.2 km2,"3,328/sq mi","1,285/km2",47°40′N 117°26′W﻿ / ﻿47.66°N 117.43°W
98,Santa Clarita,California,228673,176320,+29.69%,70.8 sq mi,183.4 km2,"3,230/sq mi","1,250/km2",34°24′N 118°30′W﻿ / ﻿34.40°N 118.50°W
99,Baton Rouge[s],Louisiana,227470,229493,−0.88%,86.3 sq mi,223.5 km2,"2,636/sq mi","1,018/km2",30°26′N 91°08′W﻿ / ﻿30.44°N 91.13°W
100,Richmond[m],Virginia,226610,204214,+10.97%,59.9 sq mi,155.1 km2,"3,783/sq mi","1,461/km2",37°32′N 77°28′W﻿ / ﻿37.53°N 77.47°W
101,Hialeah,Florida,223109,224669,−0.69%,21.6 sq mi,55.9 km2,"10,329/sq mi","3,988/km2",25°52′N 80°18′W﻿ / ﻿25.86°N 80.30°W
102,San Bernardino,California,222101,209924,+5.80%,62.1 sq mi,160.8 km2,"3,577/sq mi","1,381/km2",34°08′N 117°17′W﻿ / ﻿34.14°N 117.29°W
103,Tacoma,Washington,219346,198397,+10.56%,49.7 sq mi,128.7 km2,"4,413/sq mi","1,704/km2",47°15′N 122°27′W﻿ / ﻿47.25°N 122.45°W
104,Modesto,California,218464,201165,+8.60%,43.0 sq mi,111.4 km2,"5,081/sq mi","1,962/km2",37°38′N 121°00′W﻿ / ﻿37.63°N 121.00°W
105,Huntsville,Alabama,215006,180105,+19.38%,218.1 sq mi,564.9 km2,986/sq mi,381/km2,34°41′N 86°40′W﻿ / ﻿34.69°N 86.67°W
106,Des Moines,Iowa,214133,203433,+5.26%,88.2 sq mi,228.4 km2,"2,428/sq mi",937/km2,41°34′N 93°37′W﻿ / ﻿41.57°N 93.61°W
107,Yonkers,New York,211569,195976,+7.96%,18.0 sq mi,46.6 km2,"11,754/sq mi","4,538/km2",40°56′N 73°52′W﻿ / ﻿40.94°N 73.86°W
108,Rochester,New York,211328,210565,+0.36%,35.8 sq mi,92.7 km2,"5,903/sq mi","2,279/km2",43°10′N 77°37′W﻿ / ﻿43.16°N 77.61°W
109,Moreno Valley,California,208634,193365,+7.90%,51.3 sq mi,132.9 km2,"4,067/sq mi","1,570/km2",33°55′N 117°12′W﻿ / ﻿33.92°N 117.20°W
110,Fayetteville,North Carolina,208501,200564,+3.96%,148.3 sq mi,384.1 km2,"1,406/sq mi",543/km2,35°05′N 78°58′W﻿ / ﻿35.08°N 78.97°W
111,Fontana,California,208393,196069,+6.29%,43.1 sq mi,111.6 km2,"4,835/sq mi","1,867/km2",34°06′N 117°28′W﻿ / ﻿34.10°N 117.46°W
112,Columbus[t],Georgia,206922,189885,+8.97%,216.5 sq mi,560.7 km2,956/sq mi,369/km2,32°31′N 84°52′W﻿ / ﻿32.51°N 84.87°W
113,Worcester,Massachusetts,206518,181045,+14.07%,37.4 sq mi,96.9 km2,"5,522/sq mi","2,132/km2",42°16′N 71°48′W﻿ / ﻿42.26°N 71.80°W
114,Port St. Lucie,Florida,204851,164603,+24.45%,119.2 sq mi,308.7 km2,"1,719/sq mi",664/km2,27°17′N 80°23′W﻿ / ﻿27.28°N 80.38°W
115,Little Rock,Arkansas,202591,193524,+4.69%,120.0 sq mi,310.8 km2,"1,688/sq mi",652/km2,34°43′N 92°21′W﻿ / ﻿34.72°N 92.35°W
116,Augusta[u],Georgia,202081,195844,+3.18%,302.3 sq mi,783.0 km2,668/sq mi,258/km2,33°22′N 82°04′W﻿ / ﻿33.36°N 82.07°W
117,Oxnard,California,202063,197899,+2.10%,26.5 sq mi,68.6 km2,"7,625/sq mi","2,944/km2",34°12′N 119°12′W﻿ / ﻿34.20°N 119.20°W
118,Birmingham,Alabama,200733,212237,−5.42%,147.0 sq mi,380.7 km2,"1,366/sq mi",527/km2,33°31′N 86°47′W﻿ / ﻿33.52°N 86.79°W
119,Montgomery,Alabama,200603,205764,−2.51%,159.9 sq mi,414.1 km2,"1,255/sq mi",485/km2,32°20′N 86°16′W﻿ / ﻿32.34°N 86.26°W
120,Frisco,Texas,200509,116989,+71.39%,68.6 sq mi,177.7 km2,"2,923/sq mi","1,129/km2",33°09′N 96°49′W﻿ / ﻿33.15°N 96.82°W
121,Amarillo,Texas,200393,190695,+5.09%,102.3 sq mi,265.0 km2,"1,959/sq mi",756/km2,35°11′N 101°50′W﻿ / ﻿35.19°N 101.83°W
122,Salt Lake City,Utah,199723,186440,+7.12%,110.3 sq mi,285.7 km2,"1,811/sq mi",699/km2,40°46′N 111°56′W﻿ / ﻿40.77°N 111.93°W
123,Grand Rapids,Michigan,198917,188040,+5.78%,44.8 sq mi,116.0 km2,"4,440/sq mi","1,710/km2",42°58′N 85°39′W﻿ / ﻿42.96°N 85.65°W
124,Huntington Beach,California,198711,189992,+4.59%,27.0 sq mi,69.9 km2,"7,360/sq mi","2,840/km2",33°41′N 118°00′W﻿ / ﻿33.69°N 118.00°W
125,Overland Park,Kansas,197238,173372,+13.77%,75.2 sq mi,194.8 km2,"2,623/sq mi","1,013/km2",38°53′N 94°41′W﻿ / ﻿38.88°N 94.69°W
126,Glendale,California,196543,191719,+2.52%,30.5 sq mi,79.0 km2,"6,444/sq mi","2,488/km2",34°11′N 118°14′W﻿ / ﻿34.18°N 118.24°W
127,Tallahassee,Florida,196169,181376,+8.16%,100.9 sq mi,261.3 km2,"1,944/sq mi",751/km2,30°27′N 84°15′W﻿ / ﻿30.45°N 84.25°W
128,Grand Prairie,Texas,196100,175396,+11.80%,72.6 sq mi,188.0 km2,"2,701/sq mi","1,043/km2",32°41′N 97°01′W﻿ / ﻿32.68°N 97.02°W
129,McKinney,Texas,195308,131117,+48.96%,67.0 sq mi,173.5 km2,"2,915/sq mi","1,125/km2",33°11′N 96°40′W﻿ / ﻿33.19°N 96.66°W
130,Cape Coral,Florida,194016,154305,+25.74%,106.0 sq mi,274.5 km2,"1,830/sq mi",710/km2,26°38′N 81°59′W﻿ / ﻿26.64°N 81.99°W
131,Sioux Falls,South Dakota,192517,153888,+25.10%,79.1 sq mi,204.9 km2,"2,434/sq mi",940/km2,43°32′N 96°44′W﻿ / ﻿43.53°N 96.73°W
132,Peoria,Arizona,190985,154065,+23.96%,176.1 sq mi,456.1 km2,"1,085/sq mi",419/km2,33°47′N 112°18′W﻿ / ﻿33.78°N 112.30°W
133,Providence,Rhode Island,190934,178042,+7.24%,18.4 sq mi,47.7 km2,"10,377/sq mi","4,007/km2",41°49′N 71°25′W﻿ / ﻿41.82°N 71.41°W
134,Vancouver,Washington,190915,161791,+18.00%,48.7 sq mi,126.1 km2,"3,920/sq mi","1,510/km2",45°38′N 122°35′W﻿ / ﻿45.63°N 122.59°W
135,Knoxville,Tennessee,190740,178874,+6.63%,98.7 sq mi,255.6 km2,"1,933/sq mi",746/km2,35°58′N 83°56′W﻿ / ﻿35.97°N 83.94°W
136,Akron,Ohio,190469,199110,−4.34%,61.9 sq mi,160.3 km2,"3,077/sq mi","1,188/km2",41°05′N 81°31′W﻿ / ﻿41.08°N 81.52°W
137,Shreveport,Louisiana,187593,199311,−5.88%,107.8 sq mi,279.2 km2,"1,740/sq mi",670/km2,32°28′N 93°47′W﻿ / ﻿32.46°N 93.79°W
138,Mobile,Alabama,187041,195111,−4.14%,139.5 sq mi,361.3 km2,"1,341/sq mi",518/km2,30°40′N 88°06′W﻿ / ﻿30.66°N 88.10°W
139,Brownsville,Texas,186738,175023,+6.69%,131.5 sq mi,340.6 km2,"1,420/sq mi",550/km2,25°59′N 97°27′W﻿ / ﻿25.99°N 97.45°W
140,Newport News[m],Virginia,186247,180719,+3.06%,69.0 sq mi,178.7 km2,"2,699/sq mi","1,042/km2",37°04′N 76°31′W﻿ / ﻿37.07°N 76.52°W
141,Fort Lauderdale,Florida,182760,165521,+10.41%,34.6 sq mi,89.6 km2,"5,282/sq mi","2,039/km2",26°08′N 80°08′W﻿ / ﻿26.14°N 80.14°W
142,Chattanooga,Tennessee,181099,167674,+8.01%,142.4 sq mi,368.8 km2,"1,272/sq mi",491/km2,35°04′N 85°14′W﻿ / ﻿35.06°N 85.24°W
143,Tempe,Arizona,180587,161719,+11.67%,39.9 sq mi,103.3 km2,"4,526/sq mi","1,747/km2",33°23′N 111°56′W﻿ / ﻿33.38°N 111.93°W
144,Aurora,Illinois,180542,197899,−8.77%,45.0 sq mi,116.5 km2,"4,012/sq mi","1,549/km2",41°46′N 88°17′W﻿ / ﻿41.76°N 88.29°W
145,Santa Rosa,California,178127,167815,+6.14%,42.5 sq mi,110.1 km2,"4,191/sq mi","1,618/km2",38°26′N 122°42′W﻿ / ﻿38.44°N 122.70°W
146,Eugene,Oregon,176654,156185,+13.11%,44.2 sq mi,114.5 km2,"3,997/sq mi","1,543/km2",44°03′N 123°07′W﻿ / ﻿44.05°N 123.11°W
147,Elk Grove,California,176124,153015,+15.10%,42.0 sq mi,108.8 km2,"4,193/sq mi","1,619/km2",38°25′N 121°23′W﻿ / ﻿38.41°N 121.38°W
148,Salem,Oregon,175535,154637,+13.51%,48.8 sq mi,126.4 km2,"3,597/sq mi","1,389/km2",44°55′N 123°01′W﻿ / ﻿44.92°N 123.02°W
149,Ontario,California,175265,163924,+6.92%,50.0 sq mi,129.5 km2,"3,505/sq mi","1,353/km2",34°02′N 117°36′W﻿ / ﻿34.03°N 117.60°W
150,Cary[v],North Carolina,174721,135234,+29.20%,59.2 sq mi,153.3 km2,"2,951/sq mi","1,139/km2",35°47′N 78°49′W﻿ / ﻿35.78°N 78.81°W
151,Rancho Cucamonga,California,174453,165269,+5.56%,40.1 sq mi,103.9 km2,"4,350/sq mi","1,680/km2",34°07′N 117°34′W﻿ / ﻿34.12°N 117.56°W
152,Oceanside,California,174068,167086,+4.18%,41.3 sq mi,107.0 km2,"4,215/sq mi","1,627/km2",33°13′N 117°18′W﻿ / ﻿33.22°N 117.30°W
153,Lancaster,California,173516,156633,+10.78%,94.3 sq mi,244.2 km2,"1,840/sq mi",710/km2,34°41′N 118°10′W﻿ / ﻿34.69°N 118.17°W
154,Garden Grove,California,171949,170883,+0.62%,18.0 sq mi,46.6 km2,"9,553/sq mi","3,688/km2",33°46′N 117°58′W﻿ / ﻿33.77°N 117.96°W
155,Pembroke Pines,Florida,171178,154019,+11.14%,32.7 sq mi,84.7 km2,"5,235/sq mi","2,021/km2",26°01′N 80°20′W﻿ / ﻿26.02°N 80.34°W
156,Fort Collins,Colorado,169810,143986,+17.94%,57.2 sq mi,148.1 km2,"2,969/sq mi","1,146/km2",40°32′N 105°04′W﻿ / ﻿40.54°N 105.06°W
157,Palmdale,California,169450,152750,+10.93%,106.1 sq mi,274.8 km2,"1,597/sq mi",617/km2,34°35′N 118°06′W﻿ / ﻿34.59°N 118.10°W
158,Springfield,Missouri,169176,159498,+6.07%,82.4 sq mi,213.4 km2,"2,053/sq mi",793/km2,37°11′N 93°17′W﻿ / ﻿37.19°N 93.29°W
159,Clarksville,Tennessee,166722,132929,+25.42%,99.4 sq mi,257.4 km2,"1,677/sq mi",647/km2,36°34′N 87°20′W﻿ / ﻿36.56°N 87.34°W
160,Salinas,California,163542,150441,+8.71%,23.5 sq mi,60.9 km2,"6,959/sq mi","2,687/km2",36°41′N 121°38′W﻿ / ﻿36.69°N 121.63°W
161,Hayward,California,162954,144186,+13.02%,45.8 sq mi,118.6 km2,"3,558/sq mi","1,374/km2",37°37′N 122°06′W﻿ / ﻿37.62°N 122.10°W
162,Paterson,New Jersey,159732,146199,+9.26%,8.4 sq mi,21.8 km2,"19,016/sq mi","7,342/km2",40°55′N 74°10′W﻿ / ﻿40.91°N 74.16°W
163,Alexandria[m],Virginia,159467,139966,+13.93%,14.9 sq mi,38.6 km2,"10,702/sq mi","4,132/km2",38°49′N 77°05′W﻿ / ﻿38.82°N 77.08°W
164,Macon[w],Georgia,157346,91351,+72.24%,249.4 sq mi,645.9 km2,631/sq mi,244/km2,32°48′N 83°41′W﻿ / ﻿32.80°N 83.69°W
165,Corona,California,157136,152374,+3.13%,39.9 sq mi,103.3 km2,"3,938/sq mi","1,520/km2",33°52′N 117°34′W﻿ / ﻿33.86°N 117.56°W
166,Kansas City[x],Kansas,156607,145786,+7.42%,124.7 sq mi,323.0 km2,"1,256/sq mi",485/km2,39°07′N 94°44′W﻿ / ﻿39.12°N 94.74°W
167,Lakewood,Colorado,155984,142980,+9.09%,43.5 sq mi,112.7 km2,"3,586/sq mi","1,385/km2",39°41′N 105°07′W﻿ / ﻿39.69°N 105.11°W
168,Springfield,Massachusetts,155929,153060,+1.87%,31.9 sq mi,82.6 km2,"4,888/sq mi","1,887/km2",42°07′N 72°32′W﻿ / ﻿42.11°N 72.54°W
169,Sunnyvale,California,155805,140081,+11.22%,22.1 sq mi,57.2 km2,"7,050/sq mi","2,720/km2",37°23′N 122°01′W﻿ / ﻿37.38°N 122.02°W
170,Jackson,Mississippi,153701,173514,−11.42%,111.7 sq mi,289.3 km2,"1,376/sq mi",531/km2,32°19′N 90°13′W﻿ / ﻿32.31°N 90.21°W
171,Killeen,Texas,153095,127921,+19.68%,54.8 sq mi,141.9 km2,"2,794/sq mi","1,079/km2",31°04′N 97°44′W﻿ / ﻿31.07°N 97.73°W
172,Hollywood,Florida,153067,140768,+8.74%,27.3 sq mi,70.7 km2,"5,607/sq mi","2,165/km2",26°02′N 80°10′W﻿ / ﻿26.03°N 80.16°W
173,Murfreesboro,Tennessee,152769,108755,+40.47%,62.9 sq mi,162.9 km2,"2,429/sq mi",938/km2,35°51′N 86°25′W﻿ / ﻿35.85°N 86.41°W
174,Pasadena,Texas,151950,149043,+1.95%,43.7 sq mi,113.2 km2,"3,477/sq mi","1,342/km2",29°39′N 95°09′W﻿ / ﻿29.65°N 95.15°W
175,Bellevue,Washington,151854,122363,+24.10%,33.5 sq mi,86.8 km2,"4,533/sq mi","1,750/km2",47°35′N 122°09′W﻿ / ﻿47.59°N 122.15°W
176,Pomona,California,151713,149058,+1.78%,23.0 sq mi,59.6 km2,"6,596/sq mi","2,547/km2",34°03′N 117°46′W﻿ / ﻿34.05°N 117.76°W
177,Escondido,California,151038,143911,+4.95%,37.3 sq mi,96.6 km2,"4,049/sq mi","1,563/km2",33°08′N 117°04′W﻿ / ﻿33.13°N 117.07°W
178,Joliet,Illinois,150362,147433,+1.99%,64.5 sq mi,167.1 km2,"2,331/sq mi",900/km2,41°31′N 88°08′W﻿ / ﻿41.51°N 88.14°W
179,Charleston,South Carolina,150227,120083,+25.10%,114.8 sq mi,297.3 km2,"1,309/sq mi",505/km2,32°49′N 79°57′W﻿ / ﻿32.81°N 79.95°W
180,Mesquite,Texas,150108,139824,+7.35%,48.5 sq mi,125.6 km2,"3,095/sq mi","1,195/km2",32°46′N 96°35′W﻿ / ﻿32.76°N 96.58°W
181,Naperville,Illinois,149540,141853,+5.42%,39.1 sq mi,101.3 km2,"3,825/sq mi","1,477/km2",41°44′N 88°10′W﻿ / ﻿41.74°N 88.16°W
182,Rockford,Illinois,148655,152871,−2.76%,64.5 sq mi,167.1 km2,"2,305/sq mi",890/km2,42°15′N 89°04′W﻿ / ﻿42.25°N 89.06°W
183,Bridgeport,Connecticut,148654,144229,+3.07%,16.1 sq mi,41.7 km2,"9,233/sq mi","3,565/km2",41°11′N 73°11′W﻿ / ﻿41.18°N 73.19°W
184,Syracuse,New York,148620,145170,+2.38%,25.1 sq mi,65.0 km2,"5,921/sq mi","2,286/km2",43°02′N 76°08′W﻿ / ﻿43.04°N 76.14°W
185,Savannah,Georgia,147780,136286,+8.43%,106.8 sq mi,276.6 km2,"1,384/sq mi",534/km2,32°00′N 81°09′W﻿ / ﻿32.00°N 81.15°W
186,Roseville,California,147773,118788,+24.40%,44.1 sq mi,114.2 km2,"3,351/sq mi","1,294/km2",38°46′N 121°19′W﻿ / ﻿38.76°N 121.31°W
187,Torrance,California,147067,145438,+1.12%,20.5 sq mi,53.1 km2,"7,174/sq mi","2,770/km2",33°50′N 118°20′W﻿ / ﻿33.83°N 118.34°W
188,Fullerton,California,143617,135161,+6.26%,22.4 sq mi,58.0 km2,"6,411/sq mi","2,475/km2",33°53′N 117°55′W﻿ / ﻿33.88°N 117.92°W
189,Surprise,Arizona,143148,117517,+21.81%,110.3 sq mi,285.7 km2,"1,298/sq mi",501/km2,33°40′N 112°27′W﻿ / ﻿33.67°N 112.45°W
190,McAllen,Texas,142210,129877,+9.50%,62.3 sq mi,161.4 km2,"2,283/sq mi",881/km2,26°14′N 98°14′W﻿ / ﻿26.23°N 98.24°W
191,Thornton,Colorado,141867,118772,+19.44%,35.9 sq mi,93.0 km2,"3,952/sq mi","1,526/km2",39°55′N 104°56′W﻿ / ﻿39.91°N 104.94°W
192,Visalia,California,141384,124442,+13.61%,37.9 sq mi,98.2 km2,"3,730/sq mi","1,440/km2",36°19′N 119°19′W﻿ / ﻿36.32°N 119.32°W
193,Olathe,Kansas,141290,125872,+12.25%,61.9 sq mi,160.3 km2,"2,283/sq mi",881/km2,38°53′N 94°49′W﻿ / ﻿38.88°N 94.81°W
194,Gainesville,Florida,141085,124354,+13.45%,63.2 sq mi,163.7 km2,"2,232/sq mi",862/km2,29°40′N 82°20′W﻿ / ﻿29.67°N 82.34°W
195,West Valley City,Utah,140230,129480,+8.30%,35.8 sq mi,92.7 km2,"3,917/sq mi","1,512/km2",40°41′N 112°01′W﻿ / ﻿40.68°N 112.01°W
196,Orange,California,139911,136416,+2.56%,25.7 sq mi,66.6 km2,"5,444/sq mi","2,102/km2",33°47′N 117°52′W﻿ / ﻿33.78°N 117.86°W
197,Denton,Texas,139869,113383,+23.36%,96.4 sq mi,249.7 km2,"1,451/sq mi",560/km2,33°13′N 97°08′W﻿ / ﻿33.21°N 97.14°W
198,Warren,Michigan,139387,134056,+3.98%,34.4 sq mi,89.1 km2,"4,052/sq mi","1,564/km2",42°29′N 83°01′W﻿ / ﻿42.49°N 83.02°W
199,Pasadena,California,138699,137122,+1.15%,23.0 sq mi,59.6 km2,"6,030/sq mi","2,330/km2",34°10′N 118°08′W﻿ / ﻿34.16°N 118.13°W
200,Waco,Texas,138486,124805,+10.96%,88.7 sq mi,229.7 km2,"1,561/sq mi",603/km2,31°34′N 97°11′W﻿ / ﻿31.56°N 97.18°W
201,Cedar Rapids,Iowa,137710,126326,+9.01%,72.1 sq mi,186.7 km2,"1,910/sq mi",740/km2,41°58′N 91°40′W﻿ / ﻿41.96°N 91.67°W
202,Dayton,Ohio,137644,141527,−2.74%,55.8 sq mi,144.5 km2,"2,467/sq mi",953/km2,39°46′N 84°11′W﻿ / ﻿39.77°N 84.19°W
203,Elizabeth,New Jersey,137298,124969,+9.87%,12.3 sq mi,31.9 km2,"11,162/sq mi","4,310/km2",40°40′N 74°11′W﻿ / ﻿40.66°N 74.19°W
204,Hampton[m],Virginia,137148,137436,−0.21%,51.5 sq mi,133.4 km2,"2,663/sq mi","1,028/km2",37°02′N 76°17′W﻿ / ﻿37.04°N 76.29°W
205,Columbia,South Carolina,136632,129272,+5.69%,136.8 sq mi,354.3 km2,999/sq mi,386/km2,34°01′N 80°53′W﻿ / ﻿34.02°N 80.89°W
206,Kent,Washington,136588,92411,+47.80%,33.8 sq mi,87.5 km2,"4,041/sq mi","1,560/km2",47°23′N 122°13′W﻿ / ﻿47.38°N 122.21°W
207,Stamford,Connecticut,135470,122643,+10.46%,37.6 sq mi,97.4 km2,"3,603/sq mi","1,391/km2",41°04′N 73°32′W﻿ / ﻿41.07°N 73.54°W
208,Lakewood,New Jersey,135158,92843,+45.58%,24.7 sq mi,64.0 km2,"5,472/sq mi","2,113/km2",40°05′N 74°13′W﻿ / ﻿40.08°N 74.21°W
209,Victorville,California,134810,115903,+16.31%,73.7 sq mi,190.9 km2,"1,829/sq mi",706/km2,34°31′N 117°21′W﻿ / ﻿34.52°N 117.35°W
210,Miramar,Florida,134721,122041,+10.39%,28.9 sq mi,74.9 km2,"4,662/sq mi","1,800/km2",25°58′N 80°20′W﻿ / ﻿25.97°N 80.33°W
211,Coral Springs,Florida,134394,121096,+10.98%,22.9 sq mi,59.3 km2,"5,869/sq mi","2,266/km2",26°16′N 80°15′W﻿ / ﻿26.27°N 80.25°W
212,Sterling Heights,Michigan,134346,129699,+3.58%,36.4 sq mi,94.3 km2,"3,691/sq mi","1,425/km2",42°35′N 83°02′W﻿ / ﻿42.58°N 83.03°W
213,New Haven,Connecticut,134023,129779,+3.27%,18.7 sq mi,48.4 km2,"7,167/sq mi","2,767/km2",41°19′N 72°55′W﻿ / ﻿41.31°N 72.92°W
214,Carrollton,Texas,133434,119097,+12.04%,36.7 sq mi,95.1 km2,"3,636/sq mi","1,404/km2",32°59′N 96°53′W﻿ / ﻿32.98°N 96.89°W
215,Midland,Texas,132524,111147,+19.23%,75.5 sq mi,195.5 km2,"1,755/sq mi",678/km2,32°01′N 102°07′W﻿ / ﻿32.02°N 102.11°W
216,Norman,Oklahoma,128026,110925,+15.42%,178.8 sq mi,463.1 km2,716/sq mi,276/km2,35°14′N 97°20′W﻿ / ﻿35.24°N 97.34°W
217,Santa Clara,California,127647,116468,+9.60%,18.3 sq mi,47.4 km2,"6,975/sq mi","2,693/km2",37°22′N 121°58′W﻿ / ﻿37.36°N 121.96°W
218,Athens[y],Georgia,127315,115452,+10.28%,116.3 sq mi,301.2 km2,"1,095/sq mi",423/km2,33°56′N 83°22′W﻿ / ﻿33.94°N 83.37°W
219,Thousand Oaks,California,126966,126683,+0.22%,55.3 sq mi,143.2 km2,"2,296/sq mi",886/km2,34°11′N 118°52′W﻿ / ﻿34.19°N 118.87°W
220,Topeka,Kansas,126587,127473,−0.70%,61.4 sq mi,159.0 km2,"2,062/sq mi",796/km2,39°02′N 95°41′W﻿ / ﻿39.03°N 95.69°W
221,Simi Valley,California,126356,124237,+1.71%,41.5 sq mi,107.5 km2,"3,045/sq mi","1,176/km2",34°16′N 118°44′W﻿ / ﻿34.26°N 118.74°W
222,Columbia,Missouri,126254,108500,+16.36%,66.5 sq mi,172.2 km2,"1,899/sq mi",733/km2,38°57′N 92°19′W﻿ / ﻿38.95°N 92.32°W
223,Vallejo,California,126090,115942,+8.75%,30.4 sq mi,78.7 km2,"4,148/sq mi","1,602/km2",38°06′N 122°16′W﻿ / ﻿38.10°N 122.26°W
224,Fargo,North Dakota,125990,105549,+19.37%,49.8 sq mi,129.0 km2,"2,530/sq mi",980/km2,46°52′N 96°49′W﻿ / ﻿46.86°N 96.82°W
225,Allentown,Pennsylvania,125845,118032,+6.62%,17.6 sq mi,45.6 km2,"7,150/sq mi","2,760/km2",40°35′N 75°28′W﻿ / ﻿40.59°N 75.47°W
226,Pearland,Texas,125828,91252,+37.89%,48.7 sq mi,126.1 km2,"2,584/sq mi",998/km2,29°33′N 95°19′W﻿ / ﻿29.55°N 95.32°W
227,Concord,California,125410,122067,+2.74%,30.6 sq mi,79.3 km2,"4,098/sq mi","1,582/km2",37°58′N 122°00′W﻿ / ﻿37.97°N 122.00°W
228,Abilene,Texas,125182,117063,+6.94%,106.7 sq mi,276.4 km2,"1,173/sq mi",453/km2,32°27′N 99°44′W﻿ / ﻿32.45°N 99.73°W
229,Arvada,Colorado,124402,106433,+16.88%,38.9 sq mi,100.8 km2,"3,198/sq mi","1,235/km2",39°50′N 105°09′W﻿ / ﻿39.83°N 105.15°W
230,Berkeley,California,124321,112580,+10.43%,10.4 sq mi,26.9 km2,"11,954/sq mi","4,615/km2",37°52′N 122°17′W﻿ / ﻿37.86°N 122.29°W
231,Ann Arbor,Michigan,123851,113934,+8.70%,28.2 sq mi,73.0 km2,"4,392/sq mi","1,696/km2",42°16′N 83°44′W﻿ / ﻿42.27°N 83.73°W
232,Independence,Missouri,123011,116830,+5.29%,78.0 sq mi,202.0 km2,"1,577/sq mi",609/km2,39°05′N 94°21′W﻿ / ﻿39.08°N 94.35°W
233,Rochester,Minnesota,121395,106769,+13.70%,55.5 sq mi,143.7 km2,"2,187/sq mi",844/km2,44°01′N 92°28′W﻿ / ﻿44.01°N 92.47°W
234,Lafayette[z],Louisiana,121374,120623,+0.62%,55.8 sq mi,144.5 km2,"2,175/sq mi",840/km2,30°12′N 92°01′W﻿ / ﻿30.20°N 92.02°W
235,Hartford,Connecticut,121054,124775,−2.98%,17.4 sq mi,45.1 km2,"6,957/sq mi","2,686/km2",41°46′N 72°41′W﻿ / ﻿41.76°N 72.68°W
236,College Station,Texas,120511,93857,+28.40%,51.2 sq mi,132.6 km2,"2,354/sq mi",909/km2,30°35′N 96°17′W﻿ / ﻿30.58°N 96.29°W
237,Clovis,California,120124,95631,+25.61%,25.4 sq mi,65.8 km2,"4,729/sq mi","1,826/km2",36°49′N 119°41′W﻿ / ﻿36.82°N 119.68°W
238,Fairfield,California,119881,105321,+13.82%,41.6 sq mi,107.7 km2,"2,882/sq mi","1,113/km2",38°15′N 122°02′W﻿ / ﻿38.25°N 122.03°W
239,Palm Bay,Florida,119760,103190,+16.06%,86.4 sq mi,223.8 km2,"1,386/sq mi",535/km2,27°59′N 80°40′W﻿ / ﻿27.98°N 80.66°W
240,Richardson,Texas,119469,99223,+20.40%,28.6 sq mi,74.1 km2,"4,177/sq mi","1,613/km2",32°58′N 96°42′W﻿ / ﻿32.97°N 96.70°W
241,Round Rock,Texas,119468,99887,+19.60%,37.6 sq mi,97.4 km2,"3,177/sq mi","1,227/km2",30°31′N 97°40′W﻿ / ﻿30.52°N 97.66°W
242,Cambridge,Massachusetts,118403,105162,+12.59%,6.4 sq mi,16.6 km2,"18,500/sq mi","7,100/km2",42°22′N 71°07′W﻿ / ﻿42.37°N 71.11°W
243,Meridian,Idaho,117635,75092,+56.65%,35.1 sq mi,90.9 km2,"3,351/sq mi","1,294/km2",43°37′N 116°23′W﻿ / ﻿43.61°N 116.39°W
244,West Palm Beach,Florida,117415,99919,+17.51%,53.8 sq mi,139.3 km2,"2,182/sq mi",842/km2,26°44′N 80°07′W﻿ / ﻿26.74°N 80.12°W
245,Evansville,Indiana,117298,117429,−0.11%,47.4 sq mi,122.8 km2,"2,475/sq mi",956/km2,37°59′N 87°32′W﻿ / ﻿37.98°N 87.53°W
246,Clearwater,Florida,117292,107685,+8.92%,26.1 sq mi,67.6 km2,"4,494/sq mi","1,735/km2",27°58′N 82°46′W﻿ / ﻿27.97°N 82.76°W
247,Billings,Montana,117116,104170,+12.43%,44.8 sq mi,116.0 km2,"2,614/sq mi","1,009/km2",45°47′N 108°32′W﻿ / ﻿45.78°N 108.54°W
248,West Jordan,Utah,116961,103712,+12.77%,32.3 sq mi,83.7 km2,"3,621/sq mi","1,398/km2",40°36′N 112°00′W﻿ / ﻿40.60°N 112.00°W
249,Richmond,California,116448,103701,+12.29%,30.1 sq mi,78.0 km2,"3,869/sq mi","1,494/km2",37°57′N 122°22′W﻿ / ﻿37.95°N 122.36°W
250,Westminster,Colorado,116317,106114,+9.62%,31.6 sq mi,81.8 km2,"3,681/sq mi","1,421/km2",39°53′N 105°04′W﻿ / ﻿39.88°N 105.06°W
251,Manchester,New Hampshire,115644,109565,+5.55%,33.1 sq mi,85.7 km2,"3,494/sq mi","1,349/km2",42°59′N 71°26′W﻿ / ﻿42.98°N 71.44°W
252,Lowell,Massachusetts,115554,106519,+8.48%,13.6 sq mi,35.2 km2,"8,497/sq mi","3,281/km2",42°38′N 71°19′W﻿ / ﻿42.63°N 71.32°W
253,Wilmington,North Carolina,115451,106476,+8.43%,51.4 sq mi,133.1 km2,"2,246/sq mi",867/km2,34°12′N 77°53′W﻿ / ﻿34.20°N 77.88°W
254,Antioch,California,115291,102372,+12.62%,29.2 sq mi,75.6 km2,"3,948/sq mi","1,524/km2",37°58′N 121°47′W﻿ / ﻿37.97°N 121.79°W
255,Beaumont,Texas,115282,118296,−2.55%,82.5 sq mi,213.7 km2,"1,397/sq mi",539/km2,30°05′N 94°08′W﻿ / ﻿30.08°N 94.14°W
256,Provo,Utah,115162,112488,+2.38%,41.7 sq mi,108.0 km2,"2,762/sq mi","1,066/km2",40°14′N 111°38′W﻿ / ﻿40.24°N 111.64°W
257,North Charleston,South Carolina,114852,97471,+17.83%,77.6 sq mi,201.0 km2,"1,480/sq mi",570/km2,32°55′N 80°04′W﻿ / ﻿32.91°N 80.06°W
258,Elgin,Illinois,114797,108188,+6.11%,38.0 sq mi,98.4 km2,"3,021/sq mi","1,166/km2",42°02′N 88°19′W﻿ / ﻿42.03°N 88.32°W
259,Carlsbad,California,114746,105328,+8.94%,37.8 sq mi,97.9 km2,"3,036/sq mi","1,172/km2",33°07′N 117°17′W﻿ / ﻿33.12°N 117.28°W
260,Odessa,Texas,114428,99940,+14.50%,51.1 sq mi,132.3 km2,"2,239/sq mi",864/km2,31°53′N 102°20′W﻿ / ﻿31.88°N 102.34°W
261,Waterbury,Connecticut,114403,110366,+3.66%,28.5 sq mi,73.8 km2,"4,014/sq mi","1,550/km2",41°33′N 73°02′W﻿ / ﻿41.55°N 73.03°W
262,Springfield,Illinois,114394,116250,−1.60%,61.1 sq mi,158.2 km2,"1,872/sq mi",723/km2,39°47′N 89°38′W﻿ / ﻿39.79°N 89.64°W
263,League City,Texas,114392,83560,+36.90%,51.3 sq mi,132.9 km2,"2,230/sq mi",860/km2,29°29′N 95°06′W﻿ / ﻿29.49°N 95.10°W
264,Downey,California,114355,111772,+2.31%,12.4 sq mi,32.1 km2,"9,222/sq mi","3,561/km2",33°56′N 118°08′W﻿ / ﻿33.93°N 118.13°W
265,Gresham,Oregon,114247,105594,+8.19%,23.5 sq mi,60.9 km2,"4,862/sq mi","1,877/km2",45°30′N 122°26′W﻿ / ﻿45.50°N 122.44°W
266,High Point,North Carolina,114059,104371,+9.28%,56.4 sq mi,146.1 km2,"2,022/sq mi",781/km2,35°59′N 79°59′W﻿ / ﻿35.99°N 79.99°W
267,Broken Arrow,Oklahoma,113540,98850,+14.86%,63.0 sq mi,163.2 km2,"1,802/sq mi",696/km2,36°02′N 95°47′W﻿ / ﻿36.03°N 95.78°W
268,Peoria,Illinois,113150,115007,−1.61%,48.0 sq mi,124.3 km2,"2,357/sq mi",910/km2,40°45′N 89°37′W﻿ / ﻿40.75°N 89.61°W
269,Lansing,Michigan,112644,114297,−1.45%,39.1 sq mi,101.3 km2,"2,881/sq mi","1,112/km2",42°43′N 84°33′W﻿ / ﻿42.71°N 84.55°W
270,Lakeland,Florida,112641,97422,+15.62%,66.2 sq mi,171.5 km2,"1,702/sq mi",657/km2,28°03′N 81°57′W﻿ / ﻿28.05°N 81.95°W
271,Pompano Beach,Florida,112046,99845,+12.22%,24.0 sq mi,62.2 km2,"4,669/sq mi","1,803/km2",26°14′N 80°08′W﻿ / ﻿26.24°N 80.13°W
272,Costa Mesa,California,111918,109960,+1.78%,15.8 sq mi,40.9 km2,"7,083/sq mi","2,735/km2",33°40′N 117°55′W﻿ / ﻿33.66°N 117.91°W
273,Pueblo,Colorado,111876,106595,+4.95%,55.4 sq mi,143.5 km2,"2,019/sq mi",780/km2,38°16′N 104°37′W﻿ / ﻿38.26°N 104.61°W
274,Lewisville,Texas,111822,95290,+17.35%,37.0 sq mi,95.8 km2,"3,022/sq mi","1,167/km2",33°02′N 96°59′W﻿ / ﻿33.04°N 96.98°W
275,Miami Gardens,Florida,111640,107167,+4.17%,18.2 sq mi,47.1 km2,"6,134/sq mi","2,368/km2",25°56′N 80°14′W﻿ / ﻿25.94°N 80.24°W
276,Las Cruces,New Mexico,111385,97618,+14.10%,76.9 sq mi,199.2 km2,"1,448/sq mi",559/km2,32°19′N 106°47′W﻿ / ﻿32.32°N 106.78°W
277,Sugar Land,Texas,111026,78817,+40.87%,40.5 sq mi,104.9 km2,"2,741/sq mi","1,058/km2",29°35′N 95°37′W﻿ / ﻿29.59°N 95.61°W
278,Murrieta,California,110949,103466,+7.23%,33.6 sq mi,87.0 km2,"3,302/sq mi","1,275/km2",33°34′N 117°11′W﻿ / ﻿33.57°N 117.19°W
279,Ventura[aa],California,110763,106433,+4.07%,21.9 sq mi,56.7 km2,"5,058/sq mi","1,953/km2",34°16′N 119°15′W﻿ / ﻿34.26°N 119.25°W
280,Everett,Washington,110629,103019,+7.39%,33.2 sq mi,86.0 km2,"3,332/sq mi","1,286/km2",47°57′N 122°11′W﻿ / ﻿47.95°N 122.19°W
281,Temecula,California,110003,100097,+9.90%,37.3 sq mi,96.6 km2,"2,949/sq mi","1,139/km2",33°29′N 117°08′W﻿ / ﻿33.49°N 117.13°W
282,Dearborn,Michigan,109976,98153,+12.05%,24.2 sq mi,62.7 km2,"4,544/sq mi","1,754/km2",42°19′N 83°13′W﻿ / ﻿42.31°N 83.21°W
283,Santa Maria,California,109707,99553,+10.20%,22.8 sq mi,59.1 km2,"4,812/sq mi","1,858/km2",34°56′N 120°26′W﻿ / ﻿34.93°N 120.44°W
284,West Covina,California,109501,106098,+3.21%,16.0 sq mi,41.4 km2,"6,844/sq mi","2,642/km2",34°03′N 117°54′W﻿ / ﻿34.05°N 117.90°W
285,El Monte,California,109450,113475,−3.55%,9.6 sq mi,24.9 km2,"11,401/sq mi","4,402/km2",34°04′N 118°01′W﻿ / ﻿34.07°N 118.02°W
286,Greeley,Colorado,108795,92889,+17.12%,48.9 sq mi,126.7 km2,"2,225/sq mi",859/km2,40°25′N 104°46′W﻿ / ﻿40.41°N 104.76°W
287,Sparks,Nevada,108445,90264,+20.14%,36.4 sq mi,94.3 km2,"2,979/sq mi","1,150/km2",39°33′N 119°44′W﻿ / ﻿39.55°N 119.73°W
288,Centennial,Colorado,108418,100377,+8.01%,29.7 sq mi,76.9 km2,"3,650/sq mi","1,410/km2",39°35′N 104°52′W﻿ / ﻿39.59°N 104.86°W
289,Boulder,Colorado,108250,97385,+11.16%,26.3 sq mi,68.1 km2,"4,116/sq mi","1,589/km2",40°01′N 105°15′W﻿ / ﻿40.02°N 105.25°W
290,Sandy Springs,Georgia,108080,93853,+15.16%,37.7 sq mi,97.6 km2,"2,867/sq mi","1,107/km2",33°56′N 84°22′W﻿ / ﻿33.93°N 84.36°W
291,Inglewood,California,107762,109673,−1.74%,9.1 sq mi,23.6 km2,"11,842/sq mi","4,572/km2",33°57′N 118°20′W﻿ / ﻿33.95°N 118.34°W
292,Edison,New Jersey,107588,99967,+7.62%,30.1 sq mi,78.0 km2,"3,574/sq mi","1,380/km2",40°31′N 74°25′W﻿ / ﻿40.52°N 74.41°W
293,South Fulton,Georgia,107436,0,[ab],85.2 sq mi,220.7 km2,"1,261/sq mi",487/km2,33°35′N 84°40′W﻿ / ﻿33.59°N 84.67°W
294,Green Bay,Wisconsin,107395,104057,+3.21%,45.5 sq mi,117.8 km2,"2,360/sq mi",910/km2,44°31′N 87°59′W﻿ / ﻿44.52°N 87.98°W
295,Burbank,California,107337,103340,+3.87%,17.3 sq mi,44.8 km2,"6,204/sq mi","2,395/km2",34°11′N 118°19′W﻿ / ﻿34.19°N 118.32°W
296,Renton,Washington,106785,90927,+17.44%,23.5 sq mi,60.9 km2,"4,544/sq mi","1,754/km2",47°28′N 122°11′W﻿ / ﻿47.47°N 122.19°W
297,Hillsboro,Oregon,106447,91611,+16.19%,25.7 sq mi,66.6 km2,"4,142/sq mi","1,599/km2",45°31′N 122°56′W﻿ / ﻿45.52°N 122.93°W
298,El Cajon,California,106215,99478,+6.77%,14.5 sq mi,37.6 km2,"7,325/sq mi","2,828/km2",32°48′N 116°58′W﻿ / ﻿32.80°N 116.96°W
299,Tyler,Texas,105995,96900,+9.39%,57.5 sq mi,148.9 km2,"1,843/sq mi",712/km2,32°19′N 95°18′W﻿ / ﻿32.31°N 95.30°W
300,Davie[ac],Florida,105691,91992,+14.89%,34.9 sq mi,90.4 km2,"3,028/sq mi","1,169/km2",26°04′N 80°17′W﻿ / ﻿26.07°N 80.28°W
301,San Mateo,California,105661,97207,+8.70%,12.1 sq mi,31.3 km2,"8,732/sq mi","3,371/km2",37°34′N 122°19′W﻿ / ﻿37.56°N 122.31°W
302,Brockton,Massachusetts,105643,93810,+12.61%,21.3 sq mi,55.2 km2,"4,960/sq mi","1,920/km2",42°05′N 71°01′W﻿ / ﻿42.08°N 71.02°W
303,Concord,North Carolina,105240,79066,+33.10%,63.5 sq mi,164.5 km2,"1,657/sq mi",640/km2,35°24′N 80°36′W﻿ / ﻿35.40°N 80.60°W
304,Jurupa Valley,California,105053,0,[ad],42.9 sq mi,111.1 km2,"2,449/sq mi",946/km2,34°00′N 117°28′W﻿ / ﻿34.00°N 117.46°W
305,Daly City,California,104901,101123,+3.74%,7.6 sq mi,19.7 km2,"13,803/sq mi","5,329/km2",37°42′N 122°28′W﻿ / ﻿37.70°N 122.46°W
306,Allen,Texas,104627,84246,+24.19%,26.4 sq mi,68.4 km2,"3,963/sq mi","1,530/km2",33°05′N 96°40′W﻿ / ﻿33.09°N 96.66°W
307,Rio Rancho,New Mexico,104046,87521,+18.88%,103.4 sq mi,267.8 km2,"1,006/sq mi",388/km2,35°17′N 106°40′W﻿ / ﻿35.29°N 106.67°W
308,Rialto,California,104026,99171,+4.90%,24.1 sq mi,62.4 km2,"4,316/sq mi","1,666/km2",34°07′N 117°23′W﻿ / ﻿34.11°N 117.38°W
309,Woodbridge,New Jersey,103639,99585,+4.07%,23.3 sq mi,60.3 km2,"4,448/sq mi","1,717/km2",40°34′N 74°17′W﻿ / ﻿40.56°N 74.28°W
310,South Bend,Indiana,103453,101168,+2.26%,42.0 sq mi,108.8 km2,"2,463/sq mi",951/km2,41°40′N 86°16′W﻿ / ﻿41.67°N 86.26°W
311,Spokane Valley,Washington,102976,89755,+14.73%,37.7 sq mi,97.6 km2,"2,731/sq mi","1,054/km2",47°40′N 117°14′W﻿ / ﻿47.67°N 117.23°W
312,Norwalk,California,102773,105549,−2.63%,9.7 sq mi,25.1 km2,"10,595/sq mi","4,091/km2",33°54′N 118°05′W﻿ / ﻿33.90°N 118.08°W
313,Menifee,California,102527,77519,+32.26%,46.5 sq mi,120.4 km2,"2,205/sq mi",851/km2,33°41′N 117°11′W﻿ / ﻿33.69°N 117.19°W
314,Vacaville,California,102386,92428,+10.77%,29.9 sq mi,77.4 km2,"3,424/sq mi","1,322/km2",38°21′N 121°58′W﻿ / ﻿38.35°N 121.97°W
315,Wichita Falls,Texas,102316,104553,−2.14%,72.0 sq mi,186.5 km2,"1,421/sq mi",549/km2,33°54′N 98°31′W﻿ / ﻿33.90°N 98.52°W
316,Davenport,Iowa,101724,99685,+2.05%,63.8 sq mi,165.2 km2,"1,594/sq mi",615/km2,41°33′N 90°36′W﻿ / ﻿41.55°N 90.60°W
317,Quincy,Massachusetts,101636,92271,+10.15%,16.6 sq mi,43.0 km2,"6,123/sq mi","2,364/km2",42°15′N 71°00′W﻿ / ﻿42.25°N 71.00°W
318,Chico,California,101475,86187,+17.74%,34.1 sq mi,88.3 km2,"2,976/sq mi","1,149/km2",39°44′N 121°50′W﻿ / ﻿39.74°N 121.83°W
319,Lynn,Massachusetts,101253,90329,+12.09%,10.7 sq mi,27.7 km2,"9,463/sq mi","3,654/km2",42°28′N 70°57′W﻿ / ﻿42.47°N 70.95°W
320,Lee's Summit,Missouri,101108,91364,+10.67%,63.9 sq mi,165.5 km2,"1,582/sq mi",611/km2,38°55′N 94°22′W﻿ / ﻿38.92°N 94.37°W
321,New Bedford,Massachusetts,101079,95072,+6.32%,20.0 sq mi,51.8 km2,"5,054/sq mi","1,951/km2",41°38′N 70°56′W﻿ / ﻿41.64°N 70.93°W
322,Federal Way,Washington,101030,89306,+13.13%,22.3 sq mi,57.8 km2,"4,530/sq mi","1,750/km2",47°19′N 122°21′W﻿ / ﻿47.32°N 122.35°W
323,Clinton,Michigan,100513,96796,+3.84%,28.1 sq mi,72.8 km2,"3,577/sq mi","1,381/km2",42°35′N 82°55′W﻿ / ﻿42.59°N 82.92°W
324,Edinburg,Texas,100243,77100,+30.02%,44.7 sq mi,115.8 km2,"2,243/sq mi",866/km2,26°18′N 98°10′W﻿ / ﻿26.30°N 98.16°W
325,Nampa,Idaho,100200,81557,+22.86%,33.5 sq mi,86.8 km2,"2,991/sq mi","1,155/km2",43°34′N 116°34′W﻿ / ﻿43.57°N 116.56°W
326,Roanoke[m],Virginia,100011,97032,+3.07%,42.5 sq mi,110.1 km2,"2,353/sq mi",908/km2,37°16′N 79°56′W﻿ / ﻿37.27°N 79.93°W
